rank,gene,snp,pvalue,odds_ratio,n_studies,composite_score,compound,pubmed_ids,study_titles
1,HLA-B,rs4406273,2.0e-312,3.38,1,379.6,,26626624,"Genome-wide Association Analysis of Psoriatic Arthritis and Cutaneous Psoriasis Reveals Differences in Their Genetic Architecture."
2,HLA-C,rs4406273,2.0e-312,3.38,1,379.6,,26626624,"Genome-wide Association Analysis of Psoriatic Arthritis and Cutaneous Psoriasis Reveals Differences in Their Genetic Architecture."
3,TNIP1,rs2233278,4.0e-37,1.96,2,49.0,,26626624;29031612,"Genome-wide Association Analysis of Psoriatic Arthritis and Cutaneous Psoriasis Reveals Differences in Their Genetic Architecture.; Variants at HLA-A HLA-C and HLA-DQB1 Confer Risk of Psoriasis Vulgaris in Japanese."
4,IL12B,rs7709212,2.0e-42,1.36,1,12.9,Ustekinumab (anti-IL-12/23),26626624,"Genome-wide Association Analysis of Psoriatic Arthritis and Cutaneous Psoriasis Reveals Differences in Their Genetic Architecture."
5,TYK2,rs34536443,1.0e-16,1.78,1,9.3,Deucravacitinib (TYK2 inhibitor),26626624,"Genome-wide Association Analysis of Psoriatic Arthritis and Cutaneous Psoriasis Reveals Differences in Their Genetic Architecture."
6,HLA,rs9394026,7.0e-15,1.86,1,8.8,,29031612,"Variants at HLA-A HLA-C and HLA-DQB1 Confer Risk of Psoriasis Vulgaris in Japanese."
7,TRAF3IP2,rs33980500,1.0e-23,1.44,1,8.4,Secukinumab (anti-IL-17A downstream),26626624,"Genome-wide Association Analysis of Psoriatic Arthritis and Cutaneous Psoriasis Reveals Differences in Their Genetic Architecture."
8,STAT2,rs2066819,4.0e-15,1.42,1,5.0,Tofacitinib (JAK/STAT inhibitor),26626624,"Genome-wide Association Analysis of Psoriatic Arthritis and Cutaneous Psoriasis Reveals Differences in Their Genetic Architecture."
9,IL23A,rs2066819,4.0e-15,1.42,1,5.0,Guselkumab (anti-IL-23p19),26626624,"Genome-wide Association Analysis of Psoriatic Arthritis and Cutaneous Psoriasis Reveals Differences in Their Genetic Architecture."
10,IL23R,rs9988642,7.0e-14,1.40,1,4.4,Risankizumab (anti-IL-23p19),26626624,"Genome-wide Association Analysis of Psoriatic Arthritis and Cutaneous Psoriasis Reveals Differences in Their Genetic Architecture."
11,KCNH7,rs17716942,5.0e-13,1.29,1,3.1,,26626624,"Genome-wide Association Analysis of Psoriatic Arthritis and Cutaneous Psoriasis Reveals Differences in Their Genetic Architecture."
12,IFIH1,rs17716942,5.0e-13,1.29,1,3.1,,26626624,"Genome-wide Association Analysis of Psoriatic Arthritis and Cutaneous Psoriasis Reveals Differences in Their Genetic Architecture."
13,TNFAIP3,rs610604,5.0e-17,1.20,1,3.0,Adalimumab (anti-TNF pathway),26626624,"Genome-wide Association Analysis of Psoriatic Arthritis and Cutaneous Psoriasis Reveals Differences in Their Genetic Architecture."
14,NOS2,rs28998802,3.0e-13,1.25,1,2.8,,26626624,"Genome-wide Association Analysis of Psoriatic Arthritis and Cutaneous Psoriasis Reveals Differences in Their Genetic Architecture."
15,CAMK2G,rs2675669,4.0e-11,1.14,2,2.7,,26626624;29031612,"Genome-wide Association Analysis of Psoriatic Arthritis and Cutaneous Psoriasis Reveals Differences in Their Genetic Architecture.; Variants at HLA-A HLA-C and HLA-DQB1 Confer Risk of Psoriasis Vulgaris in Japanese."
16,IL13,rs1295685,3.0e-14,1.22,1,2.6,Tralokinumab (anti-IL-13),26626624,"Genome-wide Association Analysis of Psoriatic Arthritis and Cutaneous Psoriasis Reveals Differences in Their Genetic Architecture."
17,IL4,rs1295685,3.0e-14,1.22,1,2.6,Dupilumab (anti-IL-4Ra),26626624,"Genome-wide Association Analysis of Psoriatic Arthritis and Cutaneous Psoriasis Reveals Differences in Their Genetic Architecture."
18,NFKBIZ,rs7637230,4.0e-08,1.18,2,2.4,,26626624;29031612,"Genome-wide Association Analysis of Psoriatic Arthritis and Cutaneous Psoriasis Reveals Differences in Their Genetic Architecture.; Variants at HLA-A HLA-C and HLA-DQB1 Confer Risk of Psoriasis Vulgaris in Japanese."
19,IFNLR1,rs7552167,3.0e-11,1.26,1,2.4,,26626624,"Genome-wide Association Analysis of Psoriatic Arthritis and Cutaneous Psoriasis Reveals Differences in Their Genetic Architecture."
20,FLJ16341,rs62149416,4.0e-12,1.17,1,1.7,,26626624,"Genome-wide Association Analysis of Psoriatic Arthritis and Cutaneous Psoriasis Reveals Differences in Their Genetic Architecture."
