disease,cell_type,n_cells,TNIP1_mean,TNIP1_pct,HLA-C_mean,HLA-C_pct,HLA-B_mean,HLA-B_pct,TYK2_mean,TYK2_pct,IL12B_mean,IL12B_pct
normal,fibroblast,99472,0.2222,16.9,0.4058,22.1,0.4931,16.6,0.1064,9.9,0.0001,0.0
normal,skin fibroblast,29289,0.2109,14.5,0.0435,1.7,0.0661,1.8,0.0511,4.7,0.0001,0.0
normal,macrophage,22117,0.7691,28.7,2.4798,71.1,5.3807,85.8,0.1479,13.1,0.0002,0.0
normal,vascular associated smooth muscle cell,9414,0.1878,16.7,1.0728,54.8,1.034,48.8,0.0718,6.8,0.0,0.0
normal,keratinocyte,7095,0.3064,23.5,1.8569,68.0,5.0655,81.1,0.0847,7.6,0.0,0.0
normal,monocyte,6015,0.521,33.9,6.6755,91.9,11.7624,97.3,0.2191,18.7,0.0012,0.1
normal,skeletal muscle satellite cell,5768,0.1786,15.4,0.0934,6.9,0.0546,4.1,0.0577,5.5,0.0,0.0
normal,myofibroblast cell,5228,0.154,13.5,0.0889,7.1,0.1783,13.2,0.115,10.7,0.0,0.0
normal,endothelial cell,5225,1.6938,53.7,7.1992,65.9,15.3043,67.0,0.257,19.2,0.0004,0.0
normal,natural killer cell,5101,0.4185,31.4,7.2954,97.7,13.1125,98.8,0.0829,7.7,0.0,0.0
normal,glial cell,4380,0.1532,13.7,0.6525,33.4,0.5639,30.2,0.0886,8.5,0.0,0.0
normal,stromal cell,4129,0.0608,5.7,0.0153,1.2,0.0465,3.9,0.0191,1.8,0.0,0.0
normal,dendritic cell,3964,0.4775,32.2,8.5898,90.1,14.4309,94.6,0.308,24.1,0.002,0.1
normal,T cell,3561,0.3881,28.1,6.6077,92.9,12.9093,98.2,0.0705,6.5,0.0,0.0
normal,"naive thymus-derived CD4-positive, alpha-beta T cell",3378,0.2605,22.1,6.333,96.7,12.4023,99.5,0.0622,5.8,0.0,0.0
normal,unknown,2368,0.4227,29.0,4.3117,60.6,8.451,62.5,0.1546,13.5,0.0,0.0
normal,spinous cell of epidermis,2343,0.4038,27.2,0.0,0.0,0.0,0.0,0.2578,19.0,0.0009,0.1
normal,mast cell,2294,0.3304,20.5,1.1138,50.5,1.3954,58.1,0.068,6.1,0.0,0.0
normal,pericyte,1734,0.3397,23.6,0.1684,7.4,0.278,8.0,0.1015,8.4,0.0,0.0
normal,group 3 innate lymphoid cell,1724,0.6439,43.2,2.8724,81.1,3.8538,76.7,0.1711,14.0,0.0006,0.1
normal,suprabasal keratinocyte,1593,0.3942,24.4,0.0,0.0,0.0,0.0,0.2323,18.2,0.0006,0.1
normal,mesenchymal stem cell,1588,0.0088,0.9,0.0113,1.1,0.0157,1.5,0.0088,0.9,0.0,0.0
normal,"naive thymus-derived CD8-positive, alpha-beta T cell",1405,0.395,31.5,8.2413,98.0,15.5174,99.6,0.0868,8.3,0.0,0.0
normal,eurydendroid cell,1244,0.3006,24.4,2.0233,72.6,2.3376,68.8,0.1342,12.0,0.0032,0.2
normal,regulatory T cell,1243,0.7023,41.9,8.6114,93.0,16.6533,94.5,0.0981,9.3,0.0,0.0
normal,melanocyte,1044,0.3784,28.5,0.5469,28.0,0.5843,15.7,0.1216,11.5,0.0,0.0
normal,"CD8-positive, alpha-beta T cell",1010,0.296,23.0,6.9089,93.8,13.5099,98.9,0.0545,5.3,0.0,0.0
normal,erythrocyte,976,0.3371,25.9,0.4098,26.2,0.083,4.2,0.0676,5.7,0.0,0.0
normal,B-2 B cell,959,0.4129,33.3,8.2836,97.2,14.1908,99.5,0.0563,5.4,0.0,0.0
normal,fibroblast of papillary layer of dermis,887,0.3348,23.0,0.0,0.0,0.0,0.0,0.1263,10.6,0.0,0.0
normal,neuron,670,0.1537,12.8,0.2403,19.7,0.109,7.9,0.0582,5.4,0.0,0.0
normal,cytotoxic T cell,644,0.2655,20.7,0.0,0.0,0.0,0.0,0.0466,4.5,0.0,0.0
normal,plasmacytoid dendritic cell,605,0.6694,41.3,3.8479,82.5,7.6826,94.0,0.157,13.9,0.0,0.0
normal,promonocyte,582,0.6838,41.4,8.7663,90.0,16.2646,96.0,0.4089,31.1,0.0034,0.3
normal,conventional dendritic cell,572,1.9301,65.0,7.8916,87.2,10.5,93.5,0.1101,8.2,0.0087,0.3
normal,granular cell of epidermis,462,0.2511,16.0,0.0,0.0,0.0,0.0,0.342,25.5,0.0,0.0
normal,immature B cell,385,0.2727,24.4,8.0286,98.7,11.5481,100.0,0.0623,6.0,0.0,0.0
normal,megakaryocyte,368,0.4755,34.5,6.038,84.0,8.1821,72.8,0.2038,15.8,0.0,0.0
normal,epithelial cell,336,0.0625,5.7,0.0804,3.6,0.1845,7.1,0.0238,2.4,0.0,0.0
normal,group 2 innate lymphoid cell,324,0.4722,32.7,4.3426,87.0,7.0802,87.0,0.0648,6.2,0.0,0.0
normal,neutrophil,303,2.6832,70.6,0.9604,45.9,5.4686,78.9,0.0495,4.0,0.0,0.0
normal,smooth muscle cell,276,0.4891,28.3,3.3188,56.9,8.0326,62.3,0.0362,3.3,0.0,0.0
normal,erythroid lineage cell,240,0.0208,2.1,0.0042,0.4,0.025,2.1,0.0,0.0,0.0,0.0
normal,"dendritic cell, human",238,1.6134,50.0,0.0,0.0,0.0,0.0,0.2563,19.3,0.0084,0.4
normal,"central memory CD4-positive, alpha-beta T cell",228,0.3026,23.7,8.1184,98.7,8.7061,98.7,0.0702,7.0,0.0,0.0
normal,small pre-B-II cell,222,0.3333,25.7,6.9324,96.8,13.6937,99.5,0.036,3.6,0.0,0.0
normal,granulocyte,215,0.6233,40.0,2.1116,67.0,1.8233,52.6,0.0698,7.0,0.0,0.0
normal,leukocyte,207,0.1594,14.0,2.2705,77.8,5.2947,90.3,0.0242,2.4,0.0,0.0
normal,endothelial cell of lymphatic vessel,197,0.5736,25.9,0.0,0.0,0.0,0.0,0.2335,17.3,0.0,0.0
normal,helper T cell,181,0.5359,35.4,0.0,0.0,0.0,0.0,0.0829,7.7,0.0055,0.6
normal,pro-B cell,175,0.3257,25.1,7.1943,92.0,10.7143,95.4,0.1429,11.4,0.0,0.0
normal,B-1 B cell,174,0.6207,42.5,9.6839,97.1,17.431,100.0,0.1552,15.5,0.0,0.0
normal,innate lymphoid cell,167,0.9521,57.5,5.1617,91.0,4.5389,86.2,0.3593,27.5,0.0,0.0
normal,"CD4-positive, alpha-beta memory T cell",166,0.3675,28.9,6.0482,97.0,10.5181,100.0,0.0663,5.4,0.0,0.0
normal,"CD4-positive, alpha-beta T cell",158,0.5696,34.2,7.2848,94.3,14.443,96.8,0.0823,8.2,0.0,0.0
normal,melanocyte of skin,155,0.4258,27.7,0.0,0.0,0.0,0.0,0.0968,7.7,0.0,0.0
normal,epithelial cell of nephron,149,0.2483,17.4,0.1208,9.4,0.0738,6.0,0.0537,5.4,0.0,0.0
normal,cell of skeletal muscle,128,0.125,11.7,0.0156,1.6,0.0078,0.8,0.0156,1.6,0.0,0.0
normal,large pre-B-II cell,127,0.3937,28.3,6.9449,90.6,12.9764,96.9,0.2362,21.3,0.0,0.0
normal,megakaryocyte-erythroid progenitor cell,125,0.832,51.2,1.712,55.2,3.04,74.4,0.16,13.6,0.0,0.0
normal,Langerhans cell,124,1.2016,33.9,5.5081,72.6,13.879,79.8,0.1855,12.9,0.0,0.0
normal,early lymphoid progenitor,120,0.175,16.7,1.575,67.5,2.15,65.0,0.075,7.5,0.0,0.0
normal,hair follicular keratinocyte,117,0.4017,20.5,0.0,0.0,0.0,0.0,0.0513,5.1,0.0,0.0
normal,fraction A pre-pro B cell,102,0.402,28.4,2.8431,77.5,4.3529,77.5,0.1176,11.8,0.0,0.0
normal,granulocyte monocyte progenitor cell,101,0.3564,32.7,4.1485,80.2,6.7822,92.1,0.297,25.7,0.0,0.0
normal,late pro-B cell,101,0.2178,20.8,5.3762,97.0,8.4851,99.0,0.0099,1.0,0.0,0.0
normal,"CD8-positive, alpha-beta memory T cell",89,0.3371,25.8,8.1685,100.0,16.9551,100.0,0.1011,10.1,0.0,0.0
normal,"double-positive, alpha-beta thymocyte",81,0.1975,14.8,4.358,92.6,7.9753,96.3,0.0123,1.2,0.0,0.0
normal,"CD4-positive, CD25-positive, alpha-beta regulatory T cell",75,0.28,21.3,8.2933,97.3,13.76,100.0,0.0667,6.7,0.0,0.0
normal,plasma cell,69,1.6522,66.7,10.942,100.0,21.0435,100.0,0.1159,11.6,0.0,0.0
normal,sebocyte,65,1.4923,66.2,7.2923,92.3,10.7231,98.5,0.2,18.5,0.0,0.0
normal,"effector memory CD4-positive, alpha-beta T cell",57,0.4211,31.6,9.4912,98.2,16.5614,98.2,0.0702,7.0,0.0,0.0
normal,promyelocyte,54,0.3333,22.2,3.0926,64.8,4.8889,66.7,0.2778,25.9,0.0,0.0
normal,basal cell of epidermis,50,0.6,34.0,0.0,0.0,0.0,0.0,0.36,22.0,0.0,0.0
normal,mature B cell,49,0.7959,55.1,12.5714,98.0,23.8163,100.0,0.1837,14.3,0.0,0.0
normal,hematopoietic stem cell,44,0.2955,18.2,1.8409,54.5,2.0455,56.8,0.2273,22.7,0.0,0.0
normal,myelocyte,44,0.1591,13.6,0.3636,22.7,0.1136,9.1,0.1364,13.6,0.0,0.0
normal,"CD8-alpha-alpha-positive, alpha-beta intraepithelial T cell",35,0.8286,40.0,6.7143,85.7,10.9143,85.7,0.0857,8.6,0.0,0.0
normal,erythroid progenitor cell,35,0.0,0.0,0.0,0.0,0.0286,2.9,0.0,0.0,0.0,0.0
normal,common myeloid progenitor,27,0.2963,25.9,1.8519,59.3,2.5556,51.9,0.2963,25.9,0.0,0.0
normal,primordial germ cell,26,0.0,0.0,0.0385,3.8,0.0385,3.8,0.0,0.0,0.0,0.0
normal,common dendritic progenitor,24,0.5417,33.3,3.5,87.5,5.9167,87.5,0.3333,33.3,0.0,0.0
normal,mature NK T cell,23,0.3913,34.8,6.8261,95.7,11.2609,100.0,0.0,0.0,0.0,0.0
normal,hematopoietic multipotent progenitor cell,22,0.7273,45.5,2.6818,59.1,4.1364,59.1,0.1364,13.6,0.0,0.0
normal,"effector memory CD4-positive, alpha-beta T cell, terminally differentiated",20,0.55,35.0,19.55,100.0,18.75,100.0,0.0,0.0,0.0,0.0
normal,double negative thymocyte,19,0.6316,42.1,2.0526,63.2,1.3684,26.3,0.0,0.0,0.0,0.0
normal,chondrocyte,18,0.2778,27.8,0.0,0.0,0.0,0.0,0.1111,11.1,0.0,0.0
normal,"effector memory CD8-positive, alpha-beta T cell",16,0.625,31.2,14.75,100.0,22.125,100.0,0.125,6.2,0.0,0.0
normal,Kupffer cell,11,1.0,54.5,5.0,100.0,10.4545,90.9,0.0909,9.1,0.0,0.0
normal,cord blood hematopoietic stem cell,8,0.0,0.0,0.125,12.5,0.0,0.0,0.0,0.0,0.0,0.0
normal,professional antigen presenting cell,8,0.125,12.5,0.0,0.0,0.75,50.0,0.125,12.5,0.0,0.0
normal,"effector memory CD8-positive, alpha-beta T cell, terminally differentiated",7,0.5714,28.6,15.0,100.0,15.8571,100.0,0.0,0.0,0.0,0.0
normal,memory B cell,7,0.1429,14.3,8.7143,85.7,24.2857,100.0,0.0,0.0,0.0,0.0
normal,"CD16-negative, CD56-bright natural killer cell, human",6,0.6667,50.0,10.5,100.0,12.6667,100.0,0.1667,16.7,0.0,0.0
normal,basal cell,6,0.0,0.0,0.0,0.0,0.1667,16.7,0.0,0.0,0.0,0.0
normal,pre-conventional dendritic cell,6,1.8333,66.7,6.8333,100.0,6.3333,100.0,0.3333,16.7,0.0,0.0
normal,immature innate lymphoid cell,5,1.4,100.0,14.8,100.0,22.8,100.0,0.0,0.0,0.0,0.0
normal,progenitor cell,5,0.0,0.0,0.2,20.0,0.8,60.0,0.0,0.0,0.0,0.0
normal,"CD16-positive, CD56-dim natural killer cell, human",3,0.0,0.0,13.0,100.0,26.6667,100.0,0.0,0.0,0.0,0.0
normal,gamma-delta T cell,3,1.6667,100.0,20.0,100.0,15.0,100.0,0.0,0.0,0.0,0.0
normal,naive B cell,3,0.0,0.0,1.3333,100.0,2.0,66.7,0.0,0.0,0.0,0.0
normal,group 1 innate lymphoid cell,2,0.0,0.0,9.0,100.0,16.0,100.0,0.0,0.0,0.0,0.0
normal,B cell,1,1.0,100.0,2.0,100.0,1.0,100.0,0.0,0.0,0.0,0.0
normal,"central memory CD8-positive, alpha-beta T cell",1,0.0,0.0,25.0,100.0,28.0,100.0,0.0,0.0,0.0,0.0
normal,classical monocyte,1,3.0,100.0,3.0,100.0,15.0,100.0,0.0,0.0,0.0,0.0
normal,embryonic stem cell,1,0.0,0.0,0.0,0.0,0.0,0.0,0.0,0.0,0.0,0.0
normal,enteroendocrine cell,1,0.0,0.0,2.0,100.0,2.0,100.0,0.0,0.0,0.0,0.0
normal,hepatocyte,1,0.0,0.0,5.0,100.0,6.0,100.0,1.0,100.0,0.0,0.0
normal,mesothelial cell,1,0.0,0.0,0.0,0.0,0.0,0.0,0.0,0.0,0.0,0.0
normal,mucosal invariant T cell,1,0.0,0.0,18.0,100.0,12.0,100.0,0.0,0.0,0.0,0.0
normal,myeloid dendritic cell,1,0.0,0.0,3.0,100.0,5.0,100.0,0.0,0.0,0.0,0.0
normal,osteoclast,1,7.0,100.0,3.0,100.0,3.0,100.0,0.0,0.0,0.0,0.0
normal,renal intercalated cell,1,0.0,0.0,0.0,0.0,0.0,0.0,0.0,0.0,0.0,0.0
psoriasis,suprabasal keratinocyte,2355,0.3826,24.8,0.0,0.0,0.0,0.0,0.3601,25.5,0.0021,0.2
psoriasis,pericyte,2140,0.8963,40.5,0.0,0.0,0.0,0.0,0.1799,14.1,0.0005,0.0
psoriasis,endothelial cell,1923,1.882,51.2,0.0,0.0,0.0,0.0,0.506,30.4,0.0026,0.3
psoriasis,spinous cell of epidermis,1341,0.4385,25.2,0.0,0.0,0.0,0.0,0.3154,22.3,0.0007,0.1
psoriasis,fibroblast of papillary layer of dermis,917,0.5583,32.0,0.0,0.0,0.0,0.0,0.1429,12.4,0.0,0.0
psoriasis,granular cell of epidermis,706,0.4674,25.6,0.0,0.0,0.0,0.0,0.4136,29.7,0.0,0.0
psoriasis,cytotoxic T cell,697,0.505,29.7,0.0,0.0,0.0,0.0,0.1133,10.2,0.0,0.0
psoriasis,skin fibroblast,495,0.8566,40.0,0.0,0.0,0.0,0.0,0.1535,12.5,0.0,0.0
psoriasis,fibroblast,442,0.638,31.9,0.0,0.0,0.0,0.0,0.1787,14.7,0.0,0.0
psoriasis,hair follicular keratinocyte,409,0.5892,30.6,0.0,0.0,0.0,0.0,0.1736,14.2,0.0,0.0
psoriasis,"dendritic cell, human",237,1.3122,40.9,0.0,0.0,0.0,0.0,0.5359,37.6,0.0,0.0
psoriasis,basal cell of epidermis,207,0.5652,34.3,0.0,0.0,0.0,0.0,0.5556,38.6,0.0048,0.5
psoriasis,monocyte,187,1.4011,43.9,0.0,0.0,0.0,0.0,0.3155,24.1,0.0,0.0
psoriasis,endothelial cell of lymphatic vessel,163,0.3067,19.0,0.0,0.0,0.0,0.0,0.184,14.7,0.0,0.0
psoriasis,helper T cell,163,0.9571,47.9,0.0,0.0,0.0,0.0,0.2883,20.9,0.0,0.0
psoriasis,regulatory T cell,119,1.0336,48.7,0.0,0.0,0.0,0.0,0.1849,15.1,0.0,0.0
psoriasis,macrophage,117,0.2479,19.7,0.0,0.0,0.0,0.0,0.1795,15.4,0.0,0.0
psoriasis,melanocyte of skin,49,0.2449,18.4,0.0,0.0,0.0,0.0,0.2041,18.4,0.0,0.0
psoriasis,natural killer cell,49,0.2245,14.3,0.0,0.0,0.0,0.0,0.0612,6.1,0.0,0.0
psoriasis,Langerhans cell,22,0.0909,9.1,0.0,0.0,0.0,0.0,0.1364,9.1,0.0,0.0
psoriasis,erythrocyte,19,0.1053,10.5,0.0,0.0,0.0,0.0,0.0,0.0,0.0,0.0
